7_days,14_days,target
5.191428571428572,4.333571428571429,7.0
5.048571428571429,4.762142857142857,4.0
4.62,4.333571428571429,4.67
4.048571428571429,4.262142857142857,6.0
4.381428571428572,4.285714285714286,4.33
4.1899999999999995,4.357142857142857,4.34
3.6185714285714283,4.5,6.0
4.047142857142857,4.619285714285715,5.33
3.761428571428571,4.405,3.02
4.142857142857143,4.381428571428572,1.0
4.857142857142857,4.452857142857143,4.33
4.857142857142857,4.619285714285715,7.0
4.62,4.405,5.0
5.191428571428572,4.405,1.33
4.952857142857143,4.5,3.0
4.812857142857142,4.2871428571428565,3.33
4.288571428571428,4.215714285714285,2.66
4.05,4.453571428571428,3.33
4.4314285714285715,4.644285714285714,4.0
4.525714285714286,4.572857142857143,5.0
3.858571428571428,4.525,10.0
3.525714285714286,4.239285714285715,9.0
3.57,4.191428571428571,4.33
3.807142857142857,4.047857142857143,4.0
3.664285714285714,3.857142857142857,1.0
3.2357142857142853,3.8335714285714286,0.0
3.2357142857142853,3.880714285714286,7.34
4.474285714285714,4.166428571428571,7.34
5.331428571428572,4.428571428571429,3.33
5.474285714285713,4.522142857142858,7.0
5.6657142857142855,4.736428571428571,6.0
5.332857142857143,4.498571428571429,7.0
4.761428571428572,3.9985714285714287,1.0
5.095714285714286,4.165714285714286,7.0
4.715714285714286,4.595,5.0
3.905714285714286,4.618571428571428,5.0
4.2871428571428565,4.880714285714285,3.0
4.572857142857143,5.119285714285715,7.0
5.43,5.381428571428572,6.34
5.572857142857143,5.167142857142857,3.34
5.524285714285715,5.3100000000000005,4.0
5.1899999999999995,4.952857142857143,5.34
5.428571428571429,4.667142857142857,3.34
4.857142857142857,4.5721428571428575,3.0
5.0,4.786428571428572,4.0
4.905714285714287,5.167857142857143,4.34
5.24,5.406428571428571,1.0
4.811428571428571,5.167857142857143,6.68
4.86,5.0249999999999995,6.0
4.622857142857143,5.025714285714286,6.34
4.622857142857143,4.74,2.31
4.194285714285714,4.597142857142857,4.34
3.9085714285714284,4.4071428571428575,4.0
3.5742857142857147,4.4071428571428575,2.68
3.9571428571428577,4.384285714285714,8.68
4.051428571428572,4.4557142857142855,8.0
4.4799999999999995,4.551428571428572,4.0
4.381428571428572,4.502142857142857,3.0
4.430000000000001,4.312142857142858,6.0
4.381428571428572,4.1450000000000005,3.34
4.621428571428572,4.097857142857143,6.34
4.9071428571428575,4.432142857142857,5.68
5.192857142857143,4.622142857142856,4.0
4.8585714285714285,4.6692857142857145,2.34
4.957142857142857,4.6692857142857145,4.0
5.194285714285714,4.812142857142858,2.67
5.1000000000000005,4.740714285714286,4.0
5.622857142857143,5.122142857142856,3.0
5.194285714285714,5.050714285714286,5.34
4.622857142857143,4.907857142857144,4.34
4.385714285714285,4.622142857142857,2.0
4.5285714285714285,4.742857142857143,1.0
4.0528571428571425,4.623571428571428,3.0
4.147142857142858,4.623571428571428,2.0
3.6699999999999995,4.646428571428571,2.0
3.6214285714285714,4.407857142857143,6.34
3.6699999999999995,4.146428571428571,4.34
3.6214285714285714,4.003571428571428,6.0
3.192857142857143,3.8607142857142853,3.33
3.2399999999999998,3.6464285714285714,6.0
2.954285714285714,3.5507142857142857,7.02
2.8114285714285714,3.240714285714286,3.0
2.954285714285714,3.2878571428571424,1.34
2.954285714285714,3.3121428571428573,4.34
3.525714285714286,3.573571428571429,2.0
3.858571428571428,3.525714285714286,5.34
4.2871428571428565,3.7635714285714283,7.0
5.0042857142857144,3.9792857142857136,7.34
5.147142857142858,3.9792857142857136,0.0
4.432857142857143,3.6935714285714285,1.34
4.432857142857143,3.693571428571428,5.34
3.8614285714285717,3.693571428571428,6.34
4.148571428571429,4.003571428571428,2.0
4.291428571428571,4.289285714285714,3.0
4.337142857142857,4.670714285714285,4.34
3.9085714285714284,4.527857142857143,4.0
3.9085714285714284,4.170714285714285,1.34
4.051428571428572,4.242142857142857,3.33
4.671428571428572,4.2664285714285715,4.34
4.194285714285714,4.171428571428572,0.0
3.6228571428571428,3.957142857142857,7.34
3.1942857142857144,3.7657142857142856,4.0
3.7657142857142856,3.837142857142857,1.67
3.7657142857142856,3.837142857142857,3.0
3.4785714285714286,3.7649999999999997,7.34
3.1928571428571426,3.932142857142857,3.33
2.9071428571428575,3.5507142857142857,2.0
3.527142857142857,3.5749999999999997,2.0
3.4785714285714286,3.336428571428571,5.0
3.1457142857142864,3.4557142857142855,2.0
3.382857142857143,3.5742857142857143,4.34
3.9557142857142855,3.7171428571428575,3.68
3.8114285714285714,3.5021428571428572,1.0
4.097142857142857,3.5021428571428572,2.34
3.334285714285714,3.4307142857142856,5.34
3.4771428571428573,3.4778571428571428,2.34
3.5242857142857145,3.335,3.34
3.7157142857142857,3.549285714285714,8.34
3.192857142857143,3.5742857142857143,1.0
2.86,3.3357142857142854,2.0
2.9085714285714284,3.5028571428571427,3.68
3.3857142857142857,3.36,5.0
3.005714285714286,3.2414285714285715,3.0
3.197142857142857,3.3607142857142853,2.0
3.7685714285714282,3.742142857142857,2.68
3.3857142857142857,3.289285714285714,0.0
3.5285714285714285,3.1942857142857144,1.34
3.7199999999999998,3.314285714285714,4.0
3.6714285714285713,3.5285714285714285,3.02
3.7657142857142856,3.3857142857142857,5.67
3.5742857142857143,3.3857142857142857,1.0
2.7657142857142856,3.2671428571428573,4.0
2.6228571428571428,3.0042857142857144,3.0
2.5285714285714285,3.0285714285714285,1.0
2.5742857142857143,3.147142857142857,0.34
2.2914285714285714,2.9814285714285718,5.0
2.672857142857143,3.2192857142857143,9.0
2.5300000000000002,3.0521428571428575,1.0
2.718571428571429,2.742142857142857,6.33
3.1471428571428572,2.8850000000000002,8.68
3.0985714285714288,2.8135714285714286,4.34
2.575714285714286,2.5749999999999997,4.34
2.858571428571428,2.5749999999999997,1.0
3.334285714285714,3.0035714285714286,4.0
3.334285714285714,2.932142857142857,0.34
3.6671428571428573,3.192857142857143,4.34
4.478571428571429,3.8128571428571427,5.0
4.9557142857142855,4.027142857142858,2.0
5.527142857142857,4.051428571428572,3.0
4.9557142857142855,3.9071428571428575,7.34
4.241428571428571,3.787857142857143,6.0
4.147142857142858,3.7407142857142857,4.0
3.8628571428571425,3.7649999999999997,2.34
3.337142857142857,3.9078571428571425,3.0
3.0028571428571422,3.9792857142857136,8.0
2.8114285714285714,4.1692857142857145,3.0
3.7171428571428575,4.336428571428572,4.34
4.002857142857144,4.122142857142857,0.34
4.525714285714286,4.336428571428572,0.0
4.24,4.051428571428572,6.0
3.954285714285714,3.6457142857142864,4.34
4.811428571428571,3.9071428571428575,3.0
4.811428571428571,3.8114285714285714,2.33
4.382857142857143,4.05,4.34
3.5742857142857143,3.788571428571429,3.34
3.002857142857143,3.7642857142857147,4.0
3.525714285714286,3.882857142857143,2.0
3.7171428571428566,3.8357142857142854,6.34
3.0028571428571422,3.9071428571428575,3.0
2.907142857142857,3.8592857142857144,2.33
2.907142857142857,3.645,2.0
3.3357142857142854,3.4549999999999996,8.34
3.907142857142857,3.4549999999999996,2.0
3.335714285714286,3.4307142857142856,5.0
3.621428571428571,3.6692857142857145,3.34
3.6214285714285714,3.3121428571428573,4.0
3.6214285714285714,3.2642857142857147,2.0
3.287142857142857,3.097142857142857,9.0
4.001428571428571,3.6685714285714286,7.33
3.7157142857142853,3.8114285714285714,3.0
4.144285714285714,3.7399999999999998,3.0
3.7157142857142853,3.6685714285714286,5.0
3.858571428571428,3.7399999999999998,2.67
3.8114285714285714,3.7164285714285716,5.34
4.811428571428571,4.049285714285714,5.0
4.667142857142857,4.3342857142857145,4.0
4.8100000000000005,4.2628571428571425,3.0
4.524285714285714,4.3342857142857145,2.0
4.761428571428572,4.238571428571428,2.34
4.571428571428571,4.215,0.68
5.048571428571428,4.43,3.0
4.477142857142857,4.644285714285714,2.0
4.001428571428571,4.334285714285714,5.0
4.001428571428571,4.405714285714285,5.0
3.858571428571428,4.191428571428571,4.0
3.4785714285714286,4.12,2.0
3.1942857142857144,3.882857142857143,6.0
2.8600000000000003,3.954285714285714,3.34
2.4314285714285715,3.454285714285714,5.02
2.5742857142857143,3.287857142857143,4.0
2.86,3.4307142857142856,4.0
3.1457142857142855,3.5021428571428572,8.0
3.097142857142857,3.287857142857143,0.0
3.857142857142857,3.525714285714286,1.34
3.9057142857142857,3.382857142857143,4.0
4.337142857142857,3.384285714285714,4.34
4.194285714285714,3.384285714285714,8.0
4.051428571428572,3.4557142857142855,0.34
4.622857142857143,3.884285714285714,4.34
4.337142857142857,3.717142857142857,11.34
3.6714285714285713,3.7642857142857147,5.34
3.7657142857142856,3.835714285714286,3.0
3.6685714285714286,4.002857142857143,6.34
4.24,4.217142857142857,3.0
3.717142857142857,3.8842857142857143,3.0
3.1942857142857144,3.9085714285714284,4.01
4.814285714285715,4.575714285714286,2.34
5.385714285714285,4.5285714285714285,3.34
5.242857142857143,4.5042857142857144,2.34
5.528571428571429,4.598571428571428,6.34
4.814285714285715,4.527142857142857,3.68
5.194285714285714,4.4557142857142855,0.0
5.147142857142858,4.170714285714285,3.34
3.8614285714285717,4.337857142857143,2.34
3.575714285714286,4.480714285714286,7.0
3.481428571428571,4.3621428571428575,5.68
3.481428571428571,4.505,4.0
3.5785714285714287,4.196428571428571,5.34
3.15,4.172142857142857,2.0
3.0542857142857143,4.100714285714285,1.0
3.0542857142857143,3.4578571428571427,6.34
3.577142857142857,3.5764285714285715,4.34
4.054285714285714,3.767857142857143,0.0
3.7199999999999998,3.6007142857142855,2.68
3.9571428571428564,3.7678571428571423,3.0
4.242857142857142,3.6964285714285716,1.34
3.9085714285714284,3.481428571428571,1.34
4.4799999999999995,3.7671428571428573,4.0
4.1,3.838571428571428,2.34
3.288571428571428,3.6714285714285713,3.0
3.1,3.4099999999999997,2.0
2.7657142857142856,3.361428571428571,4.34
2.6714285714285713,3.457142857142857,1.0
2.72,3.314285714285714,3.34
2.3857142857142857,3.4328571428571424,3.0
2.1,3.1,6.0
2.5285714285714285,2.9085714285714284,4.68
2.4314285714285715,2.7657142857142856,4.0
2.6228571428571428,2.6942857142857144,4.0
2.5742857142857143,2.6228571428571428,0.34
2.86,2.79,7.0
2.717142857142857,2.551428571428571,10.0
3.2399999999999998,2.6700000000000004,2.34
3.48,3.0042857142857144,2.0
3.7657142857142856,3.0985714285714288,4.33
3.717142857142857,3.1700000000000004,4.68
3.6228571428571428,3.0985714285714283,2.0
4.145714285714286,3.5028571428571427,5.34
5.145714285714285,3.931428571428572,3.0
4.622857142857143,3.9314285714285715,3.68
4.24,3.86,1.0
4.2871428571428565,4.026428571428571,4.34
4.384285714285714,4.050714285714286,3.34
4.621428571428572,4.122142857142857,3.0
4.384285714285714,4.265,1.68
3.384285714285714,4.265,3.0
3.575714285714286,4.099285714285714,1.33
3.432857142857143,3.8364285714285713,6.775
3.434285714285714,3.8607142857142853,3.0
3.2428571428571433,3.8135714285714286,4.0
3.385714285714286,4.003571428571429,3.33
2.8628571428571425,3.6235714285714287,3.34
2.8628571428571425,3.1235714285714287,2.34
2.5271428571428567,3.051428571428571,3.33
3.3521428571428564,3.3924999999999996,1.34
3.1607142857142856,3.2975,3.67
3.2549999999999994,3.2489285714285714,2.33
3.302142857142857,3.343928571428571,3.34
3.539285714285714,3.2010714285714283,8.34
3.445,3.1539285714285716,4.0
3.730714285714286,3.1289285714285713,5.0
2.9542857142857146,3.1532142857142853,0.0
3.05,3.105357142857143,2.0
2.8114285714285714,3.0332142857142856,2.33
2.8128571428571427,3.0575,4.0
3.5271428571428567,3.5332142857142856,7.0
3.7642857142857147,3.604642857142857,6.33
4.002857142857144,3.8667857142857143,0.0
3.8114285714285714,3.382857142857143,6.0
3.5728571428571425,3.3114285714285714,6.0
3.572857142857143,3.192142857142857,12.0
3.6671428571428573,3.2399999999999998,3.34
3.4757142857142855,3.5014285714285713,1.0
3.8085714285714283,3.7864285714285715,8.0
3.094285714285714,3.5485714285714285,3.0
3.951428571428571,3.8814285714285717,8.0
4.522857142857142,4.047857142857143,5.34
5.904285714285714,4.738571428571428,4.33
5.8100000000000005,4.738571428571428,2.0
4.952857142857143,4.214285714285714,9.0
5.191428571428572,4.5,2.67
5.62,4.357142857142857,1.34
5.905714285714287,4.928571428571429,4.0
5.811428571428571,5.167142857142857,1.34
4.715714285714286,5.3100000000000005,6.0
4.524285714285714,5.167142857142857,4.0
5.667142857142857,5.3100000000000005,4.0
4.905714285714287,5.048571428571429,5.36
4.668571428571428,5.144285714285715,3.0
4.097142857142857,5.001428571428572,7.0
3.525714285714286,4.668571428571428,3.02
3.7642857142857147,4.24,3.0
4.05,4.287142857142857,5.68
3.335714285714286,4.501428571428572,4.34
3.7199999999999998,4.312857142857143,6.99
3.957142857142857,4.312857142857143,4.0
4.385714285714286,4.241428571428572,3.0
4.6257142857142854,4.075714285714286,2.02
4.197142857142857,3.9807142857142854,3.34
4.437142857142858,4.243571428571428,5.0
4.485714285714286,3.9107142857142856,1.0
4.718571428571429,4.219285714285714,1.0
4.861428571428571,4.409285714285715,3.34
4.29,4.3378571428571435,2.34
4.147142857142858,4.386428571428572,6.34
4.195714285714286,4.196428571428571,1.0
4.098571428571428,4.267857142857143,10.0
3.6214285714285714,4.053571428571429,5.34
2.7657142857142856,3.742142857142857,6.34
2.6714285714285713,3.766428571428571,3.0
2.577142857142857,3.4335714285714287,5.0
3.1942857142857144,3.670714285714286,0.0
2.86,3.527857142857143,1.0
3.5742857142857143,3.836428571428571,4.33
4.194285714285714,3.907857142857143,3.34
4.957142857142857,3.861428571428571,10.5
4.908571428571428,3.7899999999999996,1.0
5.288571428571428,3.9328571428571424,8.34
4.382857142857143,3.7885714285714287,3.33
4.382857142857143,3.621428571428571,7.33
3.5728571428571425,3.573571428571429,2.34
3.287142857142857,3.7407142857142857,2.33
3.8814285714285717,4.4192857142857145,9.0
3.595714285714286,4.252142857142857,5.67
4.072857142857143,4.680714285714286,0.0
4.548571428571429,4.465714285714286,6.0
5.452857142857143,4.917857142857143,9.0
5.168571428571428,4.3707142857142856,4.68
5.024285714285715,4.155714285714286,2.34
4.8100000000000005,4.345714285714286,3.0
5.477142857142857,4.536428571428572,0.0
4.285714285714286,4.179285714285714,2.0
4.667142857142857,4.607857142857143,3.0
4.905714285714287,5.179285714285714,6.0
5.24,5.204285714285715,3.0
5.241428571428571,5.132857142857143,2.33
4.384285714285714,4.597142857142857,10.34
3.574285714285714,4.525714285714286,3.0
3.8599999999999994,4.072857142857143,6.67
3.431428571428571,4.049285714285714,6.33
3.0028571428571427,3.954285714285714,6.68
2.762857142857143,4.001428571428571,4.0
2.761428571428571,4.001428571428571,5.34
3.81,4.097142857142857,4.34
4.238571428571428,3.906428571428571,4.0
4.905714285714287,4.382857142857143,4.0
5.381428571428572,4.406428571428571,3.67
5.478571428571429,4.240714285714286,4.34
5.621428571428572,4.192142857142857,4.0
6.051428571428572,4.406428571428571,8.5
5.194285714285714,4.502142857142857,2.67
5.337142857142857,4.787857142857143,3.0
4.9557142857142855,4.930714285714286,4.34
4.575714285714286,4.978571428571429,1.0
4.241428571428572,4.859999999999999,8.34
4.241428571428571,4.931428571428571,4.34
4.692857142857143,5.372142857142857,6.0
4.454285714285715,4.824285714285714,3.33
4.311428571428571,4.824285714285714,2.34
4.359999999999999,4.657857142857142,2.0
3.9785714285714286,4.277142857142857,3.33
4.55,4.395714285714286,2.0
4.598571428571428,4.42,1.34
4.241428571428571,4.467142857142857,3.33
4.335714285714285,4.3950000000000005,3.66
4.241428571428572,4.276428571428571,3.0
3.9071428571428575,4.133571428571428,3.0
4.24,4.109285714285714,6.01
3.3342857142857136,3.942142857142857,4.33
2.905714285714286,3.7521428571428572,11.68
2.5242857142857145,3.382857142857143,3.01
2.5714285714285716,3.4535714285714283,5.33
2.665714285714286,3.4535714285714283,1.0
2.8085714285714287,3.357857142857143,2.0
3.191428571428571,3.7157142857142857,5.33
3.524285714285714,3.4292857142857143,3.0
5.001428571428571,3.9535714285714287,2.0
4.9557142857142855,3.7399999999999998,5.0
5.194285714285714,3.882857142857143,3.68
4.908571428571428,3.787142857142857,7.0
4.765714285714286,3.787142857142857,6.0
4.668571428571428,3.93,6.33
4.478571428571429,4.001428571428572,6.34
3.095714285714286,4.048571428571429,9.0
3.3800000000000003,4.167857142857143,6.67
3.1442857142857146,4.1692857142857145,8.0
4.001428571428571,4.455,9.68
4.572857142857143,4.6692857142857145,6.0
4.715714285714286,4.692142857142857,2.0
5.192857142857143,4.835714285714286,3.33
6.192857142857143,4.644285714285714,6.0
6.4314285714285715,4.905714285714287,2.0
7.048571428571429,5.096428571428572,1.34
7.4314285714285715,5.716428571428572,11.0
7.4314285714285715,6.002142857142857,2.68
6.812857142857142,5.764285714285714,4.0
6.382857142857143,5.787857142857143,2.66
5.954285714285715,6.073571428571428,3.34
5.2871428571428565,5.859285714285714,8.0
4.335714285714285,5.692142857142857,5.0
4.524285714285715,5.977857142857142,7.33
4.05,5.740714285714286,2.0
4.335714285714286,5.574285714285715,1.0
4.24,5.311428571428571,10.33
3.86,4.9071428571428575,8.34
4.717142857142856,5.002142857142857,2.0
5.24,4.787857142857143,4.0
4.715714285714285,4.62,3.68
4.618571428571428,4.3342857142857145,5.0
4.1899999999999995,4.2628571428571425,3.0
5.285714285714286,4.7628571428571425,1.33
6.0,4.93,6.0
5.142857142857143,4.93,6.33
5.0,5.119999999999999,5.0
4.478571428571429,4.597142857142857,6.34
4.9071428571428575,4.762857142857143,5.0
5.192857142857143,4.691428571428572,5.33
3.9071428571428575,4.596428571428572,3.67
3.5728571428571425,4.786428571428572,3.34
4.191428571428571,4.667142857142857,7.33
4.3342857142857145,4.667142857142857,6.0
4.714285714285714,4.596428571428571,4.0
4.714285714285714,4.810714285714285,1.33
5.047142857142857,5.12,9.84
5.381428571428572,4.644285714285715,11.68
5.001428571428572,4.2871428571428565,0.0
5.144285714285714,4.667857142857143,6.67
5.2871428571428565,4.810714285714285,4.66
4.952857142857143,4.833571428571429,2.0
4.428571428571429,4.571428571428571,2.34
5.072857142857144,5.0600000000000005,9.33
6.217142857142856,5.799285714285714,7.33
5.739999999999999,5.3707142857142856,9.32
5.645714285714285,5.3950000000000005,3.0
5.454285714285715,5.3707142857142856,6.33
5.168571428571428,5.060714285714285,1.33
5.312857142857142,4.8707142857142856,4.0
5.24,5.156428571428571,10.0
4.618571428571428,5.417857142857143,5.0
5.95,5.845,7.0
5.425714285714285,5.535714285714286,3.0
5.6642857142857155,5.559285714285714,4.33
5.568571428571429,5.368571428571428,2.0
5.805714285714286,5.559285714285714,3.0
5.901428571428572,5.570714285714286,5.34
5.568571428571429,5.093571428571429,5.0
5.2371428571428575,5.593571428571429,6.67
5.2371428571428575,5.331428571428572,4.0
4.951428571428571,5.307857142857143,3.34
5.047142857142857,5.307857142857143,4.66
4.904285714285714,5.3549999999999995,2.0
4.238571428571428,5.07,1.0
4.238571428571428,4.903571428571429,3.66
4.191428571428572,4.714285714285714,3.34
4.3342857142857145,4.785714285714286,3.33
4.192857142857143,4.5721428571428575,7.33
4.572857142857143,4.8100000000000005,8.0
4.43,4.667142857142857,3.0
3.81,4.024285714285715,3.34
3.6185714285714283,3.9285714285714284,5.0
3.142857142857143,3.6671428571428573,5.0
3.0471428571428567,3.690714285714286,7.0
3.617142857142857,3.9050000000000002,3.0
4.094285714285713,4.333571428571429,5.67
4.237142857142857,4.333571428571429,6.0
4.571428571428571,4.190714285714286,3.0
4.762857142857143,4.190714285714286,5.68
5.0,4.071428571428571,5.33
5.524285714285715,4.285714285714286,9.66
4.905714285714287,4.261428571428572,7.34
4.572857142857144,4.333571428571429,4.0
5.001428571428572,4.619285714285715,6.0
4.952857142857143,4.762142857142857,6.33
5.049999999999999,4.906428571428571,14.0
5.097142857142857,5.048571428571428,3.0
5.477142857142857,5.500714285714286,4.66
6.097142857142857,5.501428571428571,8.33
5.858571428571429,5.215714285714285,5.0
5.858571428571429,5.43,2.33
6.3342857142857145,5.643571428571428,5.0
7.522857142857142,6.286428571428571,3.68
7.1899999999999995,6.143571428571428,6.34
6.475714285714285,5.976428571428571,6.0
6.617142857142857,6.357142857142857,3.0
6.76,6.309285714285714,4.34
6.235714285714286,6.047142857142857,6.0
6.045714285714285,6.1899999999999995,1.67
4.571428571428571,6.047142857142858,2.33
5.048571428571429,6.119285714285715,5.0
5.24,5.857857142857142,4.0
4.478571428571429,5.547857142857143,7.0
4.384285714285714,5.5721428571428575,3.66
4.908571428571428,5.5721428571428575,3.0
4.432857142857143,5.239285714285715,5.33
4.24,4.405714285714286,9.34
4.048571428571429,4.548571428571429,9.34
3.762857142857143,4.501428571428571,5.17
4.3342857142857145,4.406428571428571,4.67
4.2371428571428575,4.310714285714285,3.83
3.8085714285714287,4.3585714285714285,6.33
4.331428571428572,4.382142857142857,7.17
5.332857142857143,4.786428571428572,7.33
5.952857142857143,5.0007142857142854,5.34
6.12,4.941428571428571,5.68
5.7871428571428565,5.060714285714285,1.0
5.8114285714285705,5.024285714285713,8.83
6.2871428571428565,5.047857142857143,3.0
6.549999999999999,5.440714285714286,5.5
6.262857142857143,5.797857142857143,7.35
5.691428571428571,5.822142857142857,5.0
5.764285714285714,5.942142857142857,5.5
5.24,5.513571428571429,4.84
5.954285714285713,5.882857142857143,2.0
5.478571428571428,5.882857142857143,2.34
5.24,5.8950000000000005,5.5
5.242857142857143,5.752857142857143,4.0
5.194285714285714,5.442857142857143,6.33
5.168571428571428,5.466428571428572,3.68
5.717142857142856,5.478571428571429,0.34
4.741428571428571,5.347857142857143,8.49
4.647142857142858,5.062857142857143,8.34
4.647142857142858,4.943571428571429,2.5
4.168571428571428,4.7057142857142855,3.68
4.3585714285714285,4.776428571428572,11.68
4.098571428571428,4.633571428571429,5.84
3.455714285714286,4.586428571428572,4.68
4.382857142857143,4.562142857142858,9.33
5.24,4.943571428571429,1.5
4.811428571428571,4.729285714285715,6.0
4.765714285714286,4.467142857142857,4.0
5.53,4.944285714285714,5.0
5.838571428571428,4.968571428571429,7.34
6.458571428571427,4.957142857142856,14.18
6.578571428571428,5.480714285714285,10.34
5.6014285714285705,5.4207142857142845,3.0
6.1014285714285705,5.45642857142857,5.5
6.147142857142858,5.45642857142857,5.0
5.192857142857142,5.361428571428571,5.0
5.4071428571428575,5.622857142857143,1.5
6.764285714285714,6.611428571428571,6.34
6.908571428571428,6.743571428571428,5.0
7.122857142857143,6.362142857142857,5.33
7.051428571428572,6.576428571428571,4.33
7.194285714285714,6.6707142857142845,6.33
7.194285714285714,6.193571428571429,5.0
6.359999999999999,5.883571428571429,3.67
5.24,6.002142857142857,12.33
4.477142857142857,5.692857142857142,8.67
4.8100000000000005,5.966428571428571,8.0
4.642857142857143,5.847142857142858,3.0
4.832857142857143,6.01357142857143,3.34
4.832857142857143,6.013571428571429,2.0
5.142857142857143,5.751428571428572,8.0
5.998571428571429,5.619285714285715,6.01
6.522857142857142,5.5,6.33
6.904285714285714,5.857142857142857,3.5
6.714285714285714,5.678571428571429,6.0
6.2871428571428565,5.5600000000000005,2.34
5.8585714285714285,5.345714285714286,8.99
6.477142857142858,5.8100000000000005,8.5
5.574285714285714,5.786428571428572,2.34
5.24,5.881428571428572,2.67
4.597142857142857,5.750714285714286,9.33
5.025714285714286,5.87,7.0
4.882857142857143,5.585,10.84
5.881428571428572,5.869999999999999,11.0
5.952857142857143,6.214999999999999,4.0
5.428571428571429,5.501428571428571,8.18
4.905714285714287,5.072857142857143,5.33
5.738571428571428,5.167857142857143,1.34
5.881428571428572,5.453571428571428,3.34
7.095714285714285,5.989285714285714,8.83
7.382857142857143,6.632142857142857,8.33
6.74,6.346428571428571,4.34
7.574285714285714,6.501428571428572,2.67
7.954285714285713,6.43,2.0
6.812857142857142,6.275714285714287,6.0
6.29,6.085714285714286,11.33
6.002857142857144,6.549285714285714,4.66
5.621428571428572,6.502142857142857,7.33
5.67,6.204999999999999,4.68
4.882857142857143,6.228571428571429,3.33
4.4071428571428575,6.180714285714286,0.67
5.072857142857143,5.942857142857143,9.83
6.214285714285714,6.252142857142857,3.34
5.618571428571428,5.810714285714285,6.83
5.475714285714285,5.548571428571429,9.99
5.524285714285713,5.597142857142857,2.0
5.618571428571428,5.2507142857142854,6.99
5.428571428571429,4.917857142857143,6.16
5.975714285714285,5.524285714285713,2.99
4.8342857142857145,5.524285714285715,4.83
5.144285714285714,5.381428571428572,12.42
5.524285714285715,5.5,5.83
5.1414285714285715,5.332857142857143,1.0
5.664285714285714,5.6414285714285715,6.33
6.448571428571428,5.938571428571429,5.32
5.471428571428572,5.723571428571428,9.66
5.684285714285714,5.259285714285715,5.0
6.482857142857143,5.813571428571428,10.34
5.888571428571429,5.706428571428572,7.0
5.7457142857142856,5.443571428571429,5.0
5.651428571428572,5.657857142857144,5.69
5.531428571428571,5.99,7.33
6.484285714285714,5.977857142857142,8.82
6.508571428571429,6.096428571428571,2.0
6.211428571428572,6.347142857142857,6.16
6.378571428571429,6.133571428571429,10.33
6.950000000000001,6.347857142857143,9.66
6.858571428571429,6.255,3.83
7.145714285714285,6.338571428571429,4.66
7.025714285714286,6.755,5.16
6.597142857142857,6.5528571428571425,1.67
6.0,6.105714285714285,10.34
6.475714285714287,6.427142857142856,7.34
7.141428571428571,7.045714285714285,12.0
6.8757142857142854,6.867142857142857,3.34
6.494285714285715,6.82,8.66
5.971428571428571,6.498571428571428,4.33
5.924285714285714,6.260714285714285,7.0
6.521428571428572,6.260714285714286,9.84
6.094285714285713,6.285000000000001,3.0
6.428571428571429,6.785000000000001,9.0
6.358571428571429,6.617142857142857,4.33
6.93,6.712142857142857,1.0
6.8114285714285705,6.3914285714285715,2.33
7.572857142857144,6.748571428571429,5.33
7.501428571428571,7.011428571428572,5.66
6.881428571428572,6.487857142857144,2.33
6.452857142857143,6.440714285714285,4.66
6.594285714285713,6.476428571428571,1.34
5.5,6.215000000000001,8.5
5.214285714285714,6.012857142857143,4.33
4.975714285714285,6.274285714285715,3.33
4.378571428571428,5.9399999999999995,4.0
4.282857142857143,5.582142857142856,6.33
3.662857142857143,5.057857142857143,3.66
3.235714285714286,4.915,6.33
4.307142857142857,4.903571428571429,9.66
4.5928571428571425,4.903571428571429,6.0
4.307142857142858,4.6414285714285715,5.0
4.07,4.224285714285714,4.99
4.6414285714285715,4.462142857142857,1.33
4.498571428571429,4.0807142857142855,5.67
5.211428571428572,4.223571428571429,6.34
5.377142857142857,4.842142857142858,6.34
5.615714285714286,5.104285714285715,2.0
5.854285714285715,5.080714285714286,5.66
5.995714285714286,5.032857142857142,4.0
5.281428571428571,4.961428571428571,2.0
5.568571428571429,5.033571428571428,3.0
5.57,5.390714285714286,5.0
5.095714285714286,5.236428571428571,5.66
4.524285714285715,5.07,4.33
4.618571428571428,5.236428571428571,0.67
4.477142857142857,5.236428571428571,6.33
4.572857142857143,4.927142857142857,6.66
4.191428571428571,4.880000000000001,7.33
4.0,4.784999999999999,1.99
3.902857142857143,4.4992857142857146,1.0
4.235714285714286,4.38,4.0
3.5228571428571436,4.070714285714286,3.33
3.855714285714286,4.166428571428571,8.0
4.521428571428571,4.547142857142857,5.67
5.14,4.665714285714286,3.0
4.71,4.3549999999999995,2.0
4.0442857142857145,3.9735714285714288,3.34
3.9971428571428573,4.116428571428572,11.66
4.377142857142857,3.9499999999999997,5.84
4.615714285714286,4.235714285714286,6.34
4.474285714285714,4.497857142857143,9.33
3.855714285714286,4.497857142857143,5.0
3.857142857142857,4.283571428571428,4.99
4.191428571428571,4.117857142857143,6.67
5.285714285714286,4.6414285714285715,9.0
5.644285714285715,5.010714285714286,4.33
5.4071428571428575,5.011428571428572,0.0
5.93,5.202142857142857,3.0
6.215714285714285,5.035714285714286,5.0
6.642857142857143,5.25,5.66
7.118571428571428,5.655,3.33
6.738571428571428,6.012142857142856,7.33
6.522857142857142,6.083571428571427,0.66
5.617142857142857,5.512142857142856,4.67
4.7128571428571435,5.321428571428571,5.33
4.7128571428571435,5.464285714285714,4.0
4.808571428571428,5.725714285714287,10.67
4.331428571428572,5.7250000000000005,6.66
4.0928571428571425,5.415714285714286,7.66
3.5685714285714285,5.045714285714285,0.0
4.235714285714286,4.926428571428572,0.34
4.5685714285714285,4.640714285714286,4.0
4.425714285714286,4.569285714285714,7.33
5.1414285714285715,4.9750000000000005,5.33
5.617142857142857,4.974285714285714,6.66
5.664285714285714,4.878571428571428,0.0
5.57,4.569285714285714,8.0
4.951428571428572,4.593571428571429,7.33
4.761428571428572,4.665,7.0
5.237142857142857,4.831428571428572,9.34
4.474285714285714,4.807857142857143,12.0
4.474285714285714,5.045714285714285,9.0
3.3799999999999994,4.522142857142858,2.0
4.522857142857142,5.046428571428572,8.98
5.521428571428571,5.236428571428571,3.34
5.95,5.355714285714286,7.01
6.237142857142857,5.7371428571428575,3.5
7.1899999999999995,5.832142857142857,6.0
7.524285714285715,5.9992857142857146,2.32
7.8100000000000005,5.595,5.0
7.95,6.236428571428571,0.83
7.38,6.450714285714286,6.33
7.381428571428572,6.665714285714286,4.0
6.547142857142857,6.392142857142858,10.33
5.6899999999999995,6.4399999999999995,5.68
4.735714285714286,6.13,4.34
5.164285714285714,6.487142857142857,7.33
4.0,5.975,5.0
4.427142857142857,5.903571428571429,9.0
3.9971428571428578,5.689285714285715,4.33
4.972857142857143,5.76,6.34
4.927142857142857,5.308571428571428,14.33
5.215714285714286,4.975714285714285,8.0
5.548571428571429,5.356428571428571,8.34
6.144285714285715,5.072142857142857,5.66
6.525714285714286,5.476428571428571,5.33
6.572857142857143,5.284999999999999,3.66
6.002857142857143,5.487857142857143,6.33
7.238571428571428,6.082857142857143,7.0
7.761428571428572,6.488571428571428,4.34
7.905714285714285,6.727142857142858,1.66
8.0,7.0721428571428575,5.99
7.475714285714285,7.0007142857142854,2.67
7.38,6.9764285714285705,5.84
7.378571428571428,6.690714285714286,5.33
6.331428571428572,6.785000000000001,7.33
5.808571428571428,6.784999999999999,3.0
4.854285714285715,6.380000000000001,2.34
4.901428571428572,6.450714285714286,4.0
4.521428571428571,5.998571428571429,10.33
4.832857142857143,6.106428571428572,6.34
4.6899999999999995,6.034285714285715,3.0
4.7371428571428575,5.534285714285715,3.0
4.545714285714285,5.177142857142857,7.66
4.642857142857143,4.748571428571429,7.99
4.3585714285714285,4.630000000000001,5.0
5.452857142857143,4.9871428571428575,8.0
5.524285714285715,5.178571428571429,8.0
5.191428571428572,4.940714285714285,7.0
4.572857142857143,4.655,10.0
5.238571428571428,4.892142857142857,3.33
6.045714285714285,5.344285714285715,2.83
6.188571428571429,5.2735714285714295,5.0
5.855714285714285,5.654285714285715,5.0
6.0928571428571425,5.808571428571429,5.0
6.664285714285714,5.927857142857143,5.33
7.664285714285714,6.118571428571429,4.0
7.0457142857142845,6.142142857142858,4.34
6.308571428571429,6.177142857142857,6.33
6.308571428571429,6.248571428571429,3.33
5.880000000000001,5.867857142857143,3.0
5.451428571428572,5.772142857142858,2.5
5.2128571428571435,5.938571428571429,4.33
4.355714285714286,6.01,5.33
4.5,5.772857142857143,5.33
5.0,5.654285714285714,5.66
4.761428571428572,5.534999999999999,3.34
4.475714285714286,5.1778571428571425,10.66
4.118571428571428,4.784999999999999,7.99
3.9757142857142855,4.594285714285715,5.0
4.1657142857142855,4.260714285714286,2.33
4.307142857142857,4.403571428571429,4.0
4.211428571428572,4.605714285714286,6.84
4.2128571428571435,4.4871428571428575,7.0
5.307142857142857,4.8914285714285715,2.5
6.091428571428572,5.1049999999999995,7.83
6.187142857142858,5.081428571428572,3.34
5.758571428571429,4.962142857142857,5.68
5.5685714285714285,4.937857142857142,7.16
5.7371428571428575,4.974285714285714,2.33
6.26,5.236428571428571,6.33
5.094285714285715,5.200714285714286,3.67
5.071428571428571,5.581428571428572,9.67
4.8342857142857145,5.510714285714286,7.0
5.312857142857142,5.535714285714286,6.0
5.764285714285714,5.666428571428573,6.66
5.119999999999999,5.428571428571429,6.33
5.024285714285715,5.642142857142858,7.67
5.191428571428571,5.142857142857143,9.0
5.454285714285715,5.262857142857143,5.0
5.977142857142858,5.405714285714287,0.33
6.022857142857142,5.667857142857143,4.34
5.951428571428571,5.857857142857143,6.33
6.522857142857143,5.821428571428571,2.66
6.714285714285714,5.869285714285715,4.33
7.475714285714285,6.333571428571429,5.34
6.808571428571428,6.131428571428572,4.33
5.855714285714286,5.916428571428571,3.66
5.618571428571428,5.820714285714287,3.0
5.571428571428571,5.7614285714285725,2.66
5.047142857142857,5.784999999999999,3.0
4.57,5.642142857142857,6.0
4.047142857142857,5.761428571428572,13.66
3.9514285714285715,5.380000000000001,1.0
4.427142857142857,5.141428571428571,6.67
4.235714285714286,4.927142857142856,5.33
3.7114285714285713,4.641428571428571,5.66
3.7600000000000002,4.4035714285714285,4.66
3.9985714285714287,4.284285714285715,6.66
5.187142857142858,4.617142857142857,9.66
4.711428571428572,4.331428571428572,0.0
5.1414285714285715,4.784285714285715,4.0
5.474285714285714,4.8549999999999995,6.33
5.902857142857142,4.807142857142858,7.34
6.14,4.950000000000001,4.66
6.234285714285714,5.116428571428571,4.0
5.662857142857143,5.425,3.99
5.5200000000000005,5.115714285714286,5.0
5.138571428571429,5.14,5.67
5.281428571428571,5.377857142857143,7.33
5.521428571428571,5.712142857142857,5.33
5.521428571428571,5.8307142857142855,3.01
5.1414285714285715,5.687857142857142,2.33
4.331428571428572,4.997142857142857,5.34
5.045714285714285,5.282857142857144,5.33
5.284285714285715,5.211428571428572,5.0
5.427142857142857,5.354285714285715,4.0
5.14,5.330714285714286,4.0
4.904285714285714,5.212857142857142,6.34
4.665714285714286,4.903571428571429,3.0
4.8585714285714285,4.595,2.0
4.905714285714287,4.975714285714285,4.34
4.8100000000000005,5.047142857142857,5.0
4.3342857142857145,4.880714285714286,12.0
4.144285714285714,4.642142857142858,8.34
4.62,4.762142857142857,4.67
4.715714285714286,4.690714285714286,8.67
4.238571428571428,4.548571428571429,12.33
4.097142857142857,4.501428571428572,8.67
4.097142857142857,4.453571428571428,3.34
5.24,4.7871428571428565,6.0
5.859999999999999,5.002142857142857,9.0
5.621428571428571,5.120714285714286,2.33
6.431428571428571,5.573571428571428,7.33
7.907142857142857,6.072857142857144,3.33
8.525714285714285,6.3114285714285705,10.34
8.288571428571428,6.192857142857142,5.33
7.431428571428571,6.3357142857142845,6.0
7.525714285714285,6.692857142857142,8.66
7.191428571428572,6.406428571428571,8.67
7.0,6.715714285714286,8.33
5.714285714285714,6.810714285714286,10.66
5.952857142857143,7.239285714285714,8.34
6.237142857142857,7.262857142857143,5.66
6.237142857142857,6.8342857142857145,2.33
6.188571428571428,6.857142857142857,5.0
7.094285714285713,7.142857142857143,4.0
7.237142857142857,7.118571428571429,3.34
8.284285714285714,6.999285714285714,2.0
7.998571428571428,6.975714285714285,6.34
8.045714285714286,7.1414285714285715,7.34
7.521428571428571,6.8792857142857144,7.33
6.998571428571428,6.593571428571429,2.0
6.331428571428572,6.7128571428571435,3.0
5.618571428571428,6.427857142857143,6.0
4.381428571428572,6.332857142857143,5.68
4.095714285714286,6.047142857142858,3.0
4.335714285714286,6.190714285714286,6.0
5.05,6.285714285714286,1.33
4.621428571428572,5.8100000000000005,7.0
4.478571428571429,5.404999999999999,4.0
4.8585714285714285,5.238571428571428,4.0
5.384285714285714,4.882857142857143,4.66
4.9071428571428575,4.501428571428571,6.67
4.715714285714285,4.525714285714286,8.34
3.858571428571428,4.454285714285715,6.0
4.572857142857143,4.597142857142857,9.33
4.715714285714285,4.597142857142857,7.34
4.43,4.644285714285714,1.34
4.284285714285715,4.834285714285714,3.33
4.808571428571428,4.857857142857143,5.66
5.142857142857143,4.929285714285713,6.33
5.8100000000000005,4.8342857142857145,5.67
6.142857142857143,5.357857142857143,6.218333333
6.62,5.667857142857143,2.34
6.24,5.335,3.0
6.049999999999999,5.167142857142856,9.33
5.905714285714285,5.357142857142857,9.01
5.618571428571428,5.380714285714286,6.0
5.571428571428571,5.690714285714285,7.34
5.126904761857143,5.634880952357142,10.33
4.412619047571428,5.516309523785714,5.66
4.649761904714286,5.444880952357143,3.33
5.506904761857143,5.778452380928571,4.66
5.985476190428572,5.945595238071428,2.33
5.938333333285714,5.778452380928572,13.0
6.176904761857143,5.874166666642858,8.32
6.764285714285714,5.945595238071428,3.0
7.238571428571428,5.825595238071429,9.67
7.285714285714286,5.967738095214286,9.99
6.618571428571428,6.062738095214286,6.33
5.664285714285714,5.824880952357143,6.0
6.664285714285714,6.301309523785713,8.33
6.804285714285714,6.490595238071428,8.33
5.757142857142857,6.260714285714286,8.0
6.33,6.784285714285715,8.0
7.281428571428572,7.283571428571428,10.33
7.5200000000000005,7.069285714285714,3.0
8.044285714285715,6.854285714285714,8.0
7.377142857142857,7.020714285714285,8.34
7.378571428571429,7.091428571428572,6.33
8.092857142857143,6.924999999999999,11.34
7.854285714285715,7.092142857142856,5.67
7.902857142857143,7.592142857142858,8.66
7.427142857142857,7.47357142857143,8.0
7.7128571428571435,7.878571428571429,5.0
7.714285714285714,7.545714285714285,5.0
7.428571428571429,7.403571428571429,10.0
7.905714285714287,7.999285714285714,8.66
7.572857142857144,7.713571428571428,6.99
7.334285714285714,7.618571428571428,1.0
8.048571428571428,7.737857142857143,4.33
7.619999999999999,7.666428571428571,8.0
7.142857142857143,7.428571428571429,3.34
7.667142857142857,7.547857142857142,3.0
7.284285714285715,7.595,9.33
7.472857142857143,7.522857142857143,4.33
6.378571428571429,6.856428571428571,4.0
5.854285714285715,6.951428571428571,8.83
6.282857142857144,6.951428571428571,7.33
6.045714285714285,6.594285714285715,9.0
5.045714285714285,6.356428571428572,4.66
5.141428571428571,6.2128571428571435,6.0
4.761428571428572,6.117142857142857,5.0
5.1899999999999995,5.784285714285715,9.34
5.832857142857143,5.843571428571429,5.33
5.7371428571428575,6.01,8.33
6.545714285714285,6.295714285714285,3.32
6.782857142857142,5.9142857142857155,5.0
6.307142857142857,5.724285714285714,2.33
6.402857142857143,5.582142857142857,6.0
7.165714285714286,6.1778571428571425,4.99
6.6657142857142855,6.2492857142857146,8.33
6.808571428571428,6.272857142857143,2.66
5.997142857142856,6.271428571428571,7.0
6.045714285714285,6.414285714285714,7.0
5.521428571428572,5.914285714285714,6.0
5.6642857142857155,6.033571428571428,3.0
5.042857142857143,6.104285714285715,2.0
5.471428571428571,6.068571428571429,6.67
4.661428571428572,5.735,5.99
5.187142857142858,5.592142857142858,4.0
5.472857142857143,5.759285714285714,4.67
5.997142857142857,5.759285714285714,8.34
5.568571428571429,5.616428571428571,6.33
5.1414285714285715,5.092142857142858,2.33
4.904285714285714,5.187857142857143,2.0
5.38,5.020714285714285,6.0
4.951428571428571,5.069285714285714,5.99
4.618571428571428,5.045714285714285,7.0
4.952857142857143,5.4750000000000005,13.68
5.428571428571429,5.498571428571429,7.33
5.475714285714285,5.308571428571428,7.0
4.808571428571428,4.856428571428571,7.33
4.8100000000000005,5.095,17.0
5.094285714285713,5.022857142857142,3.33
5.427142857142856,5.022857142857142,6.33
6.1899999999999995,5.571428571428571,4.0
6.332857142857144,5.880714285714285,4.33
7.0,6.237857142857143,4.34
7.761428571428572,6.284999999999999,7.34
9.332857142857142,7.071428571428571,6.68
8.952857142857143,7.023571428571429,2.0
8.857142857142858,7.142142857142858,7.33
7.474285714285713,6.832142857142857,8.33
7.045714285714285,6.689285714285715,4.66
6.6657142857142855,6.832857142857143,7.0
6.667142857142857,7.214285714285714,4.0
5.192857142857143,7.262857142857143,8.33
5.002857142857144,6.977857142857142,2.0
5.145714285714285,7.001428571428571,3.0
5.764285714285714,6.619285714285715,4.33
5.811428571428571,6.428571428571429,1.64
6.191428571428571,6.428571428571429,8.66
5.714285714285714,6.190714285714286,7.0
5.950000000000001,5.571428571428571,12.33
5.950000000000001,5.476428571428571,2.66
5.331428571428573,5.238571428571428,4.33
4.76,5.262142857142857,2.33
4.328571428571428,5.069999999999999,6.5
4.565714285714286,5.378571428571429,7.0
4.994285714285715,5.354285714285715,15.33
5.565714285714286,5.757857142857143,4.66
5.660000000000001,5.805,2.66
5.8500000000000005,5.590714285714285,2.33
5.564285714285715,5.1621428571428565,4.0
6.258571428571429,5.293571428571428,2.0
6.021428571428571,5.293571428571428,8.33
7.211428571428571,6.102857142857142,7.666666667
6.115714285714286,5.840714285714286,8.0
6.115714285714286,5.887857142857143,5.0
5.83,5.840000000000001,7.0
6.068571428571429,5.816428571428572,2.34
5.425714285714286,5.842142857142858,7.33
5.615714285714286,5.8185714285714285,10.66
4.520952381,5.866190476214285,8.0
4.998095238142858,5.556904761928571,6.0
5.332380952428571,5.7240476190714284,10.0
5.9995238095714285,5.914761904785714,5.33
5.762380952428572,5.915476190500001,4.0
6.523809523857143,5.974761904785715,5.0
6.856666666714285,6.2361904762142855,1.33
6.904285714285714,5.712619047642858,5.0
6.618571428571428,5.808333333357142,7.0
7.332857142857143,6.332619047642857,1.34
7.094285714285713,6.546904761928571,4.01
7.33142857142857,6.546904761928571,3.0
6.998571428571428,6.761190476214286,8.67
5.665714285714286,6.261190476214286,7.34
5.2371428571428575,6.070714285714286,3.33
5.380000000000001,5.999285714285714,9.33
4.142857142857143,5.737857142857143,4.5
3.954285714285714,5.524285714285715,5.68
3.8114285714285714,5.571428571428571,3.33
4.335714285714286,5.667142857142857,4.5
5.194285714285714,5.43,6.0
4.9557142857142855,5.096428571428571,3.17
5.288571428571429,5.3342857142857145,7.0
5.74,4.941428571428572,9.5
5.978571428571429,4.966428571428572,6.0
6.025714285714286,4.918571428571428,4.34
5.43,4.882857142857143,5.67
5.238571428571428,5.216428571428572,5.66
5.215714285714286,5.085714285714286,7.34
4.882857142857143,5.085714285714286,3.34
5.597142857142857,5.668571428571428,3.66
5.642857142857143,5.810714285714285,1.0
5.7871428571428565,5.906428571428571,5.83
5.954285714285715,5.692142857142857,9.66
5.905714285714287,5.5721428571428575,7.33
6.501428571428571,5.858571428571429,5.99
5.978571428571428,5.430714285714286,1.67
5.144285714285714,5.3707142857142856,0.0
4.43,5.036428571428572,6.33
4.642857142857143,5.215000000000001,1.34
5.2128571428571435,5.583571428571429,4.34
5.451428571428571,5.678571428571429,5.33
5.258571428571429,5.880000000000001,6.33
5.0200000000000005,5.4992857142857146,2.33
4.497142857142857,4.820714285714287,10.33
5.258571428571429,4.844285714285715,6.0
4.617142857142857,4.63,4.34
3.857142857142857,4.534999999999999,11.0
3.5714285714285716,4.511428571428572,5.66
3.6199999999999997,4.439285714285714,8.33
3.7142857142857144,4.367142857142857,3.54375
5.1899999999999995,4.843571428571429,0.2125
5.142857142857143,5.200714285714286,6.25
5.571428571428571,5.094285714285715,6.804166667
6.522857142857143,5.1899999999999995,7.504166667
6.569999999999999,5.070714285714287,4.583333333
6.855714285714285,5.237857142857143,2.916666667
7.029107142857143,5.371696428571428,5.416666667
5.58375,5.386875000000001,3.8875
5.619464285714286,5.381160714285714,6.3875
5.971488095285714,5.771458333357144,9.308333333
5.4720833334285714,5.997470238142857,8.333333333
5.318273809571429,5.944136904785714,6.804166667
4.544940476285714,5.700327381,5.975
4.812500000142857,5.9208035715,8.05
5.337500000142858,5.4606250000714285,6.670833333
5.357142857285714,5.4883035714999995,7.225
5.7148809524285715,5.8431845238571425,6.741666667
5.833333333285714,5.652708333357144,5.0
6.1505952381428575,5.734434523857142,3.608333333
6.5875,5.566220238142857,5.695833333
6.963690476142857,5.888095238142857,4.5125
7.361309523714285,6.349404761928571,5.1375
7.4809523808571425,6.419047619071429,6.1125
7.114285714285714,6.414583333357143,7.779166667
6.638095238142857,6.235714285714287,5.979166667
6.181547619,6.166071428571429,7.85
6.141666666571429,6.364583333285714,5.970833333
5.636309523714286,6.299999999928572,5.141666667
5.4172619047142865,6.389285714214286,8.058333333
5.258333333285714,6.369642857071428,4.441666667
5.406547619,6.260416666642857,7.375
5.546428571428572,6.0922619047857145,8.195833333
6.152380952428572,6.166964285714286,7.6375
6.191666666714285,6.166666666642857,7.779166667
6.281547619142857,5.958928571428571,10.67
6.698809523857143,6.058035714285714,10.0
6.460119047714286,5.8592261905,3.0
6.4023809524285715,5.904464285714285,11.0
6.719047619,6.132738095214285,3.9825
6.688690476142858,6.420535714285714,4.01
6.947023809571428,6.569345238142857,5.33
7.736785714285714,7.009166666714286,10.0
8.014166666714285,7.356488095285714,0.0
7.8082142857142856,7.134166666714286,4.33
8.326071428571428,7.3642261905,6.0
7.724166666714287,7.221607142857144,3.66
7.205952381,6.947321428571428,3.0
6.856071428571428,6.901547619071429,7.0
6.760357142857143,7.248571428571429,3.34
5.331785714285714,6.672976190500001,5.0
5.5217857142857145,6.665,5.0
4.8075,6.5667857142857144,3.67
4.761428571428572,6.242797619071429,6.67
4.617142857142857,5.9115476190714284,1.0
4.855714285714286,5.855892857142857,6.0
3.9042857142857144,5.332321428571428,5.33
4.618571428571428,4.975178571428572,5.67
4.714285714285714,5.118035714285715,5.34
4.381428571428572,4.594464285714286,4.0
4.811428571428571,4.786428571428571,5.0
4.525714285714286,4.571428571428571,9.0
4.382857142857143,4.619285714285715,5.01
4.667142857142857,4.285714285714286,12.33
4.762857142857143,4.690714285714286,6.83
4.811428571428571,4.762857142857143,2.34
4.8585714285714285,4.62,1.0
4.62,4.715714285714285,11.33
5.762857142857143,5.144285714285714,2.0
5.621428571428572,5.002142857142857,6.33
6.621428571428572,5.644285714285714,7.68
6.7871428571428565,5.7749999999999995,2.33
6.358571428571429,5.585,2.67
5.930000000000001,5.394285714285714,3.66
6.8342857142857145,5.727142857142857,6.0
5.8342857142857145,5.798571428571429,4.33
6.022857142857142,5.8221428571428575,5.0
5.3585714285714285,5.99,10.0
4.715714285714286,5.751428571428571,1.66
4.7628571428571425,5.560714285714286,9.16
5.142857142857143,5.536428571428572,1.66
4.381428571428572,5.607857142857143,7.34
4.714285714285714,5.274285714285715,1.67
4.524285714285715,5.273571428571429,10.0
4.855714285714286,5.107142857142857,5.34
4.76,4.737857142857143,4.84
5.687142857142858,5.2250000000000005,2.67
5.401428571428572,5.272142857142858,6.34
5.592857142857143,4.987142857142857,1.33
5.2128571428571435,4.963571428571428,4.0
5.927142857142857,5.225714285714285,2.33
5.261428571428572,5.058571428571428,6.67
5.715714285714286,5.237857142857143,6.33
4.788571428571428,5.237857142857143,0.33
5.457142857142857,5.429285714285713,5.0
4.598571428571428,5.095714285714286,5.0
4.931428571428571,5.0721428571428575,3.5
3.8357142857142854,4.881428571428572,7.51
4.025714285714286,4.643571428571429,4.99
4.238571428571428,4.977142857142858,8.66
3.904285714285714,4.3464285714285715,4.0
3.712857142857143,4.585,11.99
4.2371428571428575,4.417857142857143,5.0
4.165714285714286,4.548571428571429,7.34
4.905714285714287,4.3707142857142856,11.67
4.6657142857142855,4.345714285714286,0.0
4.998571428571429,4.618571428571428,4.0
5.522857142857143,4.713571428571428,7.33
6.521428571428572,5.117142857142857,1.0
6.521428571428572,5.3792857142857144,4.66
7.07,5.617857142857143,3.67
7.6642857142857155,6.285000000000001,2.64
6.951428571428572,5.808571428571429,9.0
6.285714285714286,5.642142857142858,9.33
6.761428571428572,6.142142857142858,8.0
5.191428571428572,5.856428571428572,3.0
5.142857142857143,5.832142857142857,3.33
4.618571428571428,5.844285714285715,3.33
3.3285714285714283,5.496428571428572,5.0
4.614285714285714,5.782857142857144,1.0
5.3757142857142854,5.8307142857142855,0.34
5.471428571428571,6.116428571428571,2.0
5.757142857142857,5.474285714285714,1.33
5.567142857142858,5.3549999999999995,5.67
5.518571428571429,5.0685714285714285,2.34
5.855714285714286,4.592142857142858,7.33
4.7128571428571435,4.663571428571429,6.33
3.4285714285714284,4.402142857142858,2.33
2.5714285714285716,4.021428571428571,7.33
2.3328571428571427,4.045,8.66
2.6671428571428573,4.117142857142857,6.0
2.525714285714286,4.022142857142858,4.99
2.858571428571428,4.357142857142857,5.0
3.62,4.166428571428571,4.67
3.904285714285714,3.6664285714285714,5.34
4.6657142857142855,3.6185714285714283,2.33
5.7128571428571435,4.022857142857143,6.34
5.76,4.213571428571429,3.33
6.13857142857143,4.332142857142857,4.34
5.805714285714286,4.332142857142857,3.99
5.568571428571429,4.594285714285715,6.0
5.998571428571429,4.951428571428571,5.33
5.284285714285714,4.9750000000000005,3.0
4.952857142857143,5.332857142857143,6.68
4.571428571428571,5.1657142857142855,5.66
4.478571428571429,5.308571428571428,2.34
4.3342857142857145,5.07,7.33
4.524285714285715,5.046428571428572,1.99
4.522857142857143,5.260714285714286,3.34
4.618571428571428,4.951428571428572,8.0
4.667142857142857,4.8100000000000005,4.0
5.0,4.785714285714286,1.34
4.714285714285714,4.596428571428571,2.33
5.191428571428571,4.7628571428571425,5.0
4.618571428571428,4.571428571428571,7.0
4.3342857142857145,4.428571428571429,3.33
5.048571428571429,4.833571428571429,1.0
4.6657142857142855,4.666428571428571,5.33
4.048571428571429,4.524285714285715,5.0
4.047142857142857,4.380714285714285,1.33
3.7142857142857144,4.452857142857143,9.0
4.43,4.524285714285715,5.5
4.428571428571429,4.381428571428572,4.34
3.4285714285714284,4.238571428571428,2.99
3.6185714285714283,4.142142857142857,1.33
4.1414285714285715,4.095,3.0
3.9985714285714287,4.022857142857142,4.0
4.57,4.142142857142857,2.0
4.355714285714286,4.392857142857143,4.0
4.5,4.464285714285714,1.33
4.784285714285715,4.106428571428571,9.33
4.2128571428571435,3.915714285714286,4.0
3.9271428571428575,4.034285714285714,1.0
4.308571428571429,4.1535714285714285,1.0
3.3085714285714287,3.939285714285714,5.0
3.0942857142857143,3.725,6.5
2.664285714285714,3.582142857142857,7.68
3.5700000000000003,4.177142857142857,4.0
3.951428571428572,4.082142857142857,4.0
3.6657142857142864,3.7964285714285717,4.0
3.2371428571428575,3.7728571428571436,6.67
3.6657142857142864,3.4871428571428575,3.33
4.022857142857143,3.558571428571429,5.0
4.93,3.7971428571428567,3.67
4.168571428571428,3.869285714285714,10.67
4.168571428571428,4.0600000000000005,4.5
4.597142857142857,4.131428571428572,4.33
5.4071428571428575,4.322142857142857,5.0
5.168571428571428,4.417142857142857,4.99
4.954285714285715,4.488571428571428,2.33
4.381428571428572,4.655714285714287,2.0
5.3342857142857145,4.751428571428572,3.34
5.405714285714287,4.787142857142858,2.0
5.452857142857143,5.025,3.33
5.214285714285714,5.310714285714286,2.33
5.451428571428572,5.3100000000000005,3.33
5.07,5.012142857142857,11.34
4.831428571428572,4.606428571428571,9.0
3.7842857142857143,4.559285714285714,9.67
3.4271428571428575,4.416428571428571,6.33
3.2842857142857147,4.368571428571428,5.0
2.902857142857143,4.058571428571429,2.33
2.665714285714286,4.058571428571428,3.0
3.9528571428571424,4.511428571428572,6.5
4.952857142857143,4.892142857142858,3.84
5.857142857142857,4.820714285714286,6.34
6.475714285714285,4.951428571428571,3.33
6.714285714285714,4.9992857142857146,5.0
6.714285714285714,4.808571428571429,4.0
6.667142857142857,4.666428571428571,3.0
5.975714285714285,4.964285714285714,4.125
5.238571428571428,5.095714285714286,7.34
4.7628571428571425,5.3100000000000005,7.33
4.3342857142857145,5.405,6.0
4.3342857142857145,5.524285714285715,6.33
4.572857142857143,5.643571428571429,8.0
4.572857142857143,5.62,4.66
4.2335714285714285,5.104642857142857,2.0
4.733571428571429,4.986071428571429,1.0
4.875,4.818928571428572,6.0
5.256428571428572,4.795357142857143,2.33
5.446428571428571,4.890357142857143,0.0
6.017857142857143,5.295357142857143,4.33
6.255,5.413928571428571,2.69
5.951428571428571,5.0925,3.66
5.0457142857142845,4.889642857142857,11.34
4.855714285714285,4.865357142857143,2.33
4.331428571428572,4.793928571428572,5.33
3.4271428571428575,4.4367857142857146,5.16
2.902857142857143,4.460357142857142,2.33
2.6214285714285714,4.4382142857142854,5.0
2.858571428571429,4.405,4.33
4.335714285714286,4.690714285714286,9.33
3.8114285714285714,4.333571428571429,6.0
4.24,4.285714285714286,3.33
4.977142857142858,4.202142857142857,8.0
4.691428571428572,3.7971428571428567,6.0
5.021428571428571,3.8214285714285716,4.99
5.117142857142857,3.9878571428571425,3.0
4.83,4.582857142857143,8.0
5.354285714285715,4.582857142857143,7.0
5.068571428571429,4.654285714285714,7.67
5.474285714285714,5.225714285714285,16.68
5.998571428571429,5.345,3.34
5.997142857142857,5.509285714285715,6.34
5.807142857142858,5.462142857142857,6.83
5.617142857142857,5.22357142857143,6.5
5.76,5.557142857142858,6.17
6.380000000000001,5.724285714285714,4.33
7.62,6.547142857142857,3.0
7.240000000000001,6.619285714285715,8.83
7.432857142857143,6.714999999999999,6.0
7.9799999999999995,6.893571428571429,3.34
7.765714285714286,6.691428571428572,2.0
7.647142857142858,6.703571428571428,1.0
7.17,6.775,4.0
5.215714285714285,6.417857142857144,5.0
6.0,6.62,3.0
5.951428571428571,6.692142857142857,7.0
5.452857142857143,6.716428571428572,5.0
4.8100000000000005,6.287857142857143,9.0
4.071428571428571,5.859285714285714,3.33
4.024285714285715,5.597142857142856,2.0
4.3100000000000005,4.762857142857143,7.34
3.4771428571428573,4.738571428571428,4.66
3.62,4.785714285714286,9.99
3.857142857142857,4.655,3.66
4.857142857142857,4.833571428571429,1.0
5.1899999999999995,4.630714285714285,2.0
4.904285714285714,4.464285714285714,4.0
5.238571428571428,4.774285714285715,3.34
5.475714285714285,4.476428571428571,1.0
5.902857142857143,4.761428571428572,5.33
5.711428571428572,4.784285714285715,4.0
4.5685714285714285,4.7128571428571435,8.33
4.378571428571428,4.784285714285715,0.34
4.664285714285714,4.784285714285715,2.0
4.092857142857143,4.6657142857142855,5.33
3.5700000000000003,4.522857142857143,3.99
2.904285714285714,4.4035714285714285,4.0
2.9528571428571433,4.332142857142857,8.67
4.0,4.284285714285715,0.0
3.762857142857143,4.070714285714286,10.0
3.4771428571428573,4.070714285714286,3.5
3.761428571428571,3.927142857142857,4.0
4.188571428571429,3.8792857142857144,5.33
3.9985714285714287,3.4514285714285715,4.84
4.665714285714286,3.809285714285714,6.0
3.4757142857142855,3.7378571428571425,2.33
4.855714285714286,4.309285714285714,3.34
5.07,4.273571428571429,5.34
4.880000000000001,4.320714285714286,4.33
5.071428571428571,4.63,2.83
5.191428571428572,4.595,3.33
4.8100000000000005,4.737857142857143,8.0
5.142857142857143,4.309285714285715,3.33
4.191428571428571,4.523571428571429,2.0
4.454285714285715,4.762142857142857,6.34
4.501428571428571,4.690714285714286,1.33
4.144285714285714,4.607857142857143,6.32
3.9285714285714284,4.5600000000000005,5.0
4.214285714285714,4.512142857142857,7.66
4.357142857142857,4.75,1.5
4.1657142857142855,4.178571428571429,4.33
4.308571428571429,4.381428571428571,0.67
3.88,4.190714285714286,4.0
4.378571428571428,4.261428571428572,2.33
4.617142857142857,4.272857142857142,10.34
4.5685714285714285,4.3914285714285715,6.33
4.307142857142857,4.332142857142857,8.34
4.64,4.402857142857143,0.67
3.8300000000000005,4.069285714285714,6.0
4.211428571428572,4.045714285714285,2.67
3.641428571428572,4.01,9.34
4.404285714285714,4.510714285714286,8.5
4.214285714285714,4.3914285714285715,5.0
5.191428571428572,4.749285714285714,9.33
4.668571428571428,4.654285714285714,3.0
5.43,4.630000000000001,5.33
5.24,4.725714285714285,5.33
6.241428571428571,4.941428571428571,3.0
5.978571428571428,5.191428571428571,5.33
5.788571428571428,5.001428571428571,4.0
5.93,5.560714285714285,2.34
6.262857142857143,5.465714285714285,13.33
6.167142857142857,5.798571428571429,2.0
6.547142857142857,5.893571428571429,9.33
5.641428571428571,5.941428571428572,8.0
5.188571428571429,5.583571428571429,5.33
5.045714285714285,5.417142857142857,5.66
4.047142857142857,4.988571428571428,1.34
5.522857142857142,5.892857142857143,5.0
5.047142857142857,5.607142857142857,6.34
5.618571428571428,6.082857142857144,5.67
6.332857142857143,5.9871428571428575,10.33
6.332857142857144,5.760714285714286,4.33
6.569999999999999,5.807857142857143,5.33
6.427142857142857,5.2371428571428575,1.0
5.2371428571428575,5.380000000000001,3.68
5.857142857142857,5.452142857142858,4.0
5.3342857142857145,5.4764285714285705,3.0
5.667142857142857,6.0,5.33
5.524285714285715,5.928571428571429,5.0
5.477142857142857,6.023571428571429,5.0
5.428571428571429,5.927857142857143,8.0
5.24,5.2385714285714275,1.33
4.905714285714285,5.381428571428571,4.0
4.524285714285715,4.929285714285713,3.0
3.81,4.738571428571428,4.18
3.9057142857142857,4.714999999999999,11.0
3.858571428571428,4.667857142857143,7.0
4.8585714285714285,5.143571428571428,0.66
4.522857142857142,4.881428571428572,0.0
4.522857142857142,4.714285714285714,2.0
4.522857142857142,4.523571428571429,2.02
4.3585714285714285,4.0842857142857145,5.99
5.215714285714285,4.560714285714285,6.0
5.501428571428571,4.68,7.66
4.452857142857143,4.655714285714285,1.0
4.2628571428571425,4.392857142857143,2.99
3.9771428571428564,4.25,7.0
3.837142857142857,4.18,7.33
4.095714285714285,4.227142857142857,9.34
3.3814285714285717,4.298571428571429,8.68
3.475714285714286,4.488571428571428,13.83
3.5242857142857145,3.988571428571429,0.0
3.951428571428572,4.107142857142857,1.0
4.665714285714286,4.321428571428571,4.67
5.424285714285714,4.630714285714285,6.0
5.902857142857143,4.9992857142857146,12.0
6.285714285714286,4.833571428571429,4.66
7.167142857142857,5.321428571428571,0.0
7.024285714285715,5.274285714285715,2.33
6.74,5.345714285714286,5.33
6.4071428571428575,5.536428571428572,9.33
6.217142857142856,5.820714285714286,4.0
6.597142857142857,6.25,5.66
6.022857142857142,6.154285714285714,3.5
4.047142857142857,5.607142857142857,4.33
4.38,5.702142857142857,6.99
4.998571428571428,5.869285714285714,6.34
5.664285714285714,6.035714285714286,6.67
5.378571428571428,5.797857142857143,4.33
4.472857142857143,5.535000000000001,6.33
4.307142857142857,5.165,2.66
4.925714285714286,4.486428571428571,3.33
5.591428571428572,4.985714285714286,6.0
5.735714285714287,5.367142857142857,1.0
5.355714285714285,5.51,7.33
5.402857142857143,5.390714285714286,3.66
5.498571428571429,4.985714285714286,3.0
5.378571428571429,4.842857142857143,3.34
5.235714285714287,5.080714285714286,1.5
5.094285714285715,5.342857142857143,2.33
4.331428571428572,5.033571428571428,4.33
4.425714285714286,4.890714285714286,0.33
4.33,4.866428571428571,5.34
3.8542857142857145,4.676428571428572,2.33
3.9514285714285715,4.665,4.33
3.69,4.4628571428571435,7.99
3.165714285714285,4.13,7.33
3.641428571428571,3.9864285714285717,4.34
2.641428571428571,3.5335714285714284,4.84
2.8814285714285717,3.605714285714286,6.33
2.7857142857142856,3.3200000000000003,3.0
2.9271428571428575,3.439285714285714,10.01
3.8542857142857145,3.7721428571428572,6.33
4.5685714285714285,3.867142857142857,8.0
4.57,4.105714285714286,6.0
5.214285714285714,3.927857142857143,1.0
5.355714285714285,4.118571428571428,1.5
5.451428571428571,4.118571428571428,7.68
6.262857142857143,4.595,1.33
6.025714285714286,4.9399999999999995,6.0
6.121428571428572,5.345,1.0
6.3585714285714285,5.464285714285714,4.18
5.8100000000000005,5.512142857142857,1.34
5.12,5.237857142857143,5.0
5.788571428571429,5.62,5.83
4.548571428571428,5.405714285714287,8.0
4.501428571428571,5.263571428571429,4.0
3.5014285714285713,4.811428571428571,1.0
3.241428571428571,4.8,3.33
3.29,4.55,1.0
3.79,4.455,1.0
3.525714285714286,4.6571428571428575,4.0
4.478571428571429,4.513571428571429,8.0
4.192857142857143,4.347142857142857,1.0
4.192857142857143,3.847142857142857,4.33
4.071428571428571,3.656428571428571,9.5
4.022857142857142,3.656428571428571,4.5
3.451428571428571,3.6207142857142856,1.33
3.19,3.3578571428571427,6.33
3.19,3.834285714285714,6.0
2.761428571428571,3.4771428571428573,4.66
3.237142857142857,3.7150000000000003,9.0
4.118571428571428,4.095,2.0
4.618571428571428,4.320714285714286,2.34
4.6657142857142855,4.058571428571429,3.34
4.998571428571428,4.094285714285714,3.33
4.712857142857142,3.9514285714285715,3.99
5.235714285714286,3.9985714285714287,7.33
5.902857142857143,4.57,4.34
4.831428571428572,4.4750000000000005,2.67
4.522857142857143,4.570714285714286,2.0
4.8100000000000005,4.737857142857143,3.0
4.381428571428572,4.6899999999999995,5.0
4.094285714285714,4.403571428571429,7.0
4.475714285714285,4.855714285714286,4.0
3.81,4.856428571428572,5.0
3.9057142857142857,4.368571428571429,4.34
3.857142857142857,4.1899999999999995,5.5
3.8085714285714287,4.309285714285714,7.0
4.047142857142857,4.214285714285714,5.33
4.477142857142857,4.285714285714286,9.0
4.001428571428571,4.238571428571428,6.83
4.095714285714286,3.9528571428571433,5.66
4.3342857142857145,4.12,1.0
4.8342857142857145,4.345714285714286,6.01
5.405714285714287,4.607142857142857,6.33
5.452857142857143,4.75,3.67
5.738571428571428,5.107857142857143,16.18
6.142857142857143,5.0721428571428575,0.0
6.237142857142857,5.166428571428571,5.0
5.759999999999999,5.047142857142857,2.0
5.832857142857143,5.333571428571429,6.67
5.737142857142857,5.571428571428571,5.0
5.5,5.476428571428571,4.5
6.525714285714286,6.132142857142857,8.0
5.55,5.846428571428571,7.66
5.4557142857142855,5.846428571428571,2.0
5.598571428571428,5.679285714285713,3.34
5.692857142857143,5.7628571428571425,5.0
5.502857142857144,5.619999999999999,5.0
5.621428571428572,5.560714285714285,5.0
4.452857142857143,5.489285714285714,3.5
5.547142857142857,5.548571428571429,6.0
5.118571428571428,5.287142857142858,7.0
5.3100000000000005,5.454285714285715,6.0
5.071428571428571,5.382142857142857,9.0
5.071428571428571,5.2871428571428565,5.33
5.142857142857143,5.382142857142857,6.68
4.5,4.476428571428571,9.33
4.262857142857143,4.905,7.33
4.977142857142858,5.047857142857143,5.0
5.357142857142857,5.333571428571429,2.34
5.928571428571429,5.5,6.0
5.975714285714285,5.523571428571429,2.33
6.215714285714285,5.679285714285713,1.0
7.048571428571428,5.774285714285715,9.0
7.238571428571428,5.750714285714286,3.34
6.952857142857143,5.965000000000001,9.66
6.43,5.893571428571428,10.5
6.001428571428571,5.964999999999999,9.34
5.572857142857143,5.774285714285715,8.5
4.761428571428572,5.488571428571428,9.33
4.714285714285714,5.881428571428572,1.33
4.144285714285714,5.691428571428571,5.16
4.8100000000000005,5.881428571428572,6.0
5.975714285714285,6.202857142857143,4.0
6.452857142857143,6.227142857142857,4.01
7.3342857142857145,6.453571428571428,2.0
8.524285714285714,6.642857142857143,2.34
7.428571428571429,6.071428571428571,2.34
7.688571428571429,5.916428571428571,7.0
7.165714285714286,5.987857142857143,12.0
6.2371428571428575,6.106428571428572,3.67
5.475714285714285,5.964285714285714,1.5
4.547142857142857,5.940714285714285,2.0
3.5485714285714285,6.036428571428571,2.33
3.6928571428571426,5.560714285714285,3.33
3.9557142857142855,5.8221428571428575,6.33
4.812857142857142,5.989285714285714,7.0
4.765714285714286,5.501428571428571,9.0
4.4071428571428575,4.941428571428572,4.34
4.4071428571428575,4.477142857142857,3.5
4.405714285714286,3.9771428571428573,12.33
4.547142857142857,4.12,8.0
4.451428571428571,4.203571428571428,5.0
3.737142857142857,4.2749999999999995,3.33
4.498571428571429,4.632142857142857,4.33
4.904285714285714,4.655714285714287,6.0
5.118571428571428,4.762857142857143,2.0
6.547142857142858,5.476428571428571,4.0
7.214285714285714,5.880714285714286,8.0
7.024285714285715,5.737857142857144,2.66
6.5,5.118571428571429,8.0
5.832857142857143,5.165714285714286,2.34
6.069999999999999,5.4871428571428575,12.0
5.855714285714285,5.4871428571428575,0.0
4.6657142857142855,5.606428571428572,1.0
4.6657142857142855,5.9399999999999995,3.34
4.331428571428572,5.6778571428571425,4.84
4.998571428571429,5.749285714285714,4.5
4.714285714285714,5.273571428571429,4.0
5.571428571428571,5.820714285714287,3.66
5.285714285714286,5.570714285714287,3.35
4.857142857142857,4.761428571428572,5.0
4.191428571428572,4.428571428571429,5.33
4.502857142857143,4.417142857142857,1.67
4.002857142857143,4.500714285714286,3.33
4.24,4.477142857142857,10.33
3.048571428571429,4.31,2.0
3.527142857142857,4.406428571428571,3.0
4.098571428571428,4.477857142857142,1.0
4.382857142857143,4.2871428571428565,6.84
3.9299999999999997,4.216428571428572,2.0
3.7628571428571425,3.882857142857143,3.33
4.667142857142857,4.453571428571428,6.34
4.430000000000001,3.739285714285714,1.0
4.38,3.9535714285714283,4.33
3.8085714285714287,3.9535714285714283,2.33
4.024285714285714,4.203571428571428,6.33
4.071428571428571,4.0007142857142854,7.33
4.071428571428571,3.917142857142857,3.33
3.5014285714285713,4.0842857142857145,6.0
3.358571428571428,3.8942857142857146,10.0
3.5485714285714285,3.9642857142857144,3.0
3.738571428571429,3.7735714285714286,1.34
3.665714285714286,3.8449999999999998,0.0
4.427142857142857,4.2492857142857146,10.0
4.427142857142857,4.2492857142857146,9.33
4.378571428571428,3.94,2.33
5.664285714285714,4.511428571428572,2.5
5.474285714285714,4.511428571428572,6.84
5.332857142857144,4.535714285714286,5.0
4.428571428571429,4.047142857142857,4.0
4.8100000000000005,4.618571428571428,3.66
5.667142857142857,5.047142857142857,8.68
5.142857142857143,4.760714285714286,9.68
4.071428571428571,4.867857142857143,5.0
4.62,5.047142857142857,4.33
5.142857142857143,5.237857142857143,2.34
5.714285714285714,5.071428571428571,6.0
4.808571428571428,4.809285714285714,3.5
4.715714285714286,5.191428571428572,3.0
5.765714285714286,5.454285714285715,7.33
6.122857142857143,5.097142857142857,1.0
5.764285714285713,5.192142857142857,0.0
5.384285714285714,5.263571428571429,4.01
5.67,5.692142857142857,5.0
5.647142857142858,5.227857142857142,6.0
4.835714285714286,4.775714285714286,8.33
4.5,5.132857142857143,2.33
3.9285714285714284,5.025714285714286,4.33
3.31,4.5371428571428565,2.67
3.548571428571428,4.466428571428571,6.0
3.4057142857142852,4.537857142857143,4.0
3.7628571428571425,4.705,10.99
4.524285714285714,4.68,3.33
3.81,4.155,1.33
4.285714285714286,4.107142857142857,8.34
4.667142857142857,3.988571428571429,3.33
4.951428571428572,4.25,2.33
4.808571428571429,4.107142857142857,6.33
5.521428571428572,4.642142857142857,6.33
4.807142857142857,4.6657142857142855,4.0
4.6642857142857155,4.2371428571428575,2.34
5.237142857142857,4.761428571428572,5.0
5.331428571428572,4.999285714285714,5.0
4.807142857142857,4.8792857142857144,4.0
5.14,4.974285714285714,3.67
4.474285714285714,4.997857142857143,11.33
4.57,4.688571428571429,3.34
4.714285714285714,4.689285714285715,2.0
4.2371428571428575,4.737142857142857,6.67
4.475714285714285,4.903571428571429,2.33
4.714285714285714,4.760714285714286,4.34
4.3342857142857145,4.737142857142857,2.34
5.048571428571429,4.761428571428572,6.68
4.954285714285715,4.762142857142857,1.0
4.905714285714287,4.8100000000000005,4.0
5.144285714285714,4.690714285714286,6.5
4.762857142857143,4.619285714285715,6.66
4.811428571428571,4.762857142857143,2.0
4.621428571428571,4.477857142857142,10.0
3.957142857142857,4.502857142857144,4.0
3.6228571428571428,4.288571428571429,7.0
3.9085714285714284,4.4071428571428575,9.0
3.884285714285714,4.514285714285714,4.0
4.502857142857143,4.632857142857143,2.83
4.168571428571428,4.49,8.0
5.262857142857143,4.942142857142857,6.0
4.88,4.418571428571428,3.33
5.737142857142857,4.68,3.0
6.451428571428571,5.18,4.34
6.094285714285713,4.989285714285714,6.0
5.547142857142858,5.0249999999999995,2.0
6.404285714285714,5.286428571428571,4.66
5.832857142857143,5.547857142857143,6.0
5.737142857142857,5.308571428571428,7.34
5.1657142857142855,5.451428571428571,7.33
4.5,5.475714285714285,6.0
4.785714285714286,5.4399999999999995,3.0
4.667142857142857,5.107142857142857,4.0
4.19,5.297142857142857,2.0
4.1899999999999995,5.011428571428572,3.5
4.762857142857143,5.25,11.01
5.381428571428572,5.273571428571429,3.0
5.618571428571428,5.059285714285714,6.0
5.1899999999999995,4.987857142857143,6.0
5.475714285714285,5.071428571428571,6.0
5.095714285714286,4.642857142857143,4.84
4.738571428571428,4.464285714285714,2.0
5.262857142857143,5.012857142857143,2.68
4.644285714285715,5.012857142857143,4.0
4.644285714285715,5.131428571428572,2.0
5.072857142857144,5.131428571428572,9.0
5.358571428571429,5.417142857142857,2.0
5.764285714285714,5.430000000000001,6.33
5.55,5.144285714285715,6.99
4.36,4.811428571428571,2.34
4.502857142857143,4.573571428571428,7.17
3.9314285714285715,4.287857142857143,6.0
4.36,4.716428571428572,2.33
3.7885714285714287,4.573571428571428,4.34
4.001428571428571,4.882857142857143,4.0
4.714285714285714,5.132142857142857,2.34
4.6657142857142855,4.5128571428571425,6.67
5.118571428571428,4.810714285714285,2.66
5.6899999999999995,4.810714285714285,2.34
4.737142857142857,4.548571428571428,4.0
5.071428571428571,4.43,5.33
4.738571428571428,4.37,4.0
4.074285714285714,4.394285714285714,8.34
4.692857142857143,4.679285714285714,5.33
4.048571428571428,4.583571428571429,5.35
3.525714285714286,4.607857142857143,9.33
3.7642857142857147,4.2507142857142854,2.0
3.9057142857142857,4.488571428571428,7.84
3.9057142857142857,4.3221428571428575,5.14
4.762857142857143,4.418571428571428,3.0
4.571428571428571,4.632142857142857,13.99
4.9557142857142855,4.502142857142857,6.33
5.954285714285715,4.74,3.33
5.668571428571428,4.716428571428572,7.0
6.027142857142857,4.966428571428572,3.0
6.1899999999999995,5.047857142857143,5.0
5.427142857142856,5.095,4.33
6.664285714285714,5.617857142857142,11.0
6.804285714285713,5.88,2.34
5.947142857142857,5.950714285714286,6.33
6.661428571428571,6.165,5.66
5.970000000000001,5.998571428571428,2.0
5.950000000000001,6.069999999999999,8.33
6.140000000000001,5.783571428571428,8.0
5.7128571428571435,6.188571428571429,4.68
5.142857142857143,5.973571428571428,6.01
5.571428571428571,5.759285714285714,5.33
5.38,6.020714285714286,7.0
5.237142857142857,5.603571428571429,8.0
5.7128571428571435,5.831428571428572,6.0
6.2371428571428575,6.188571428571429,5.66
5.3342857142857145,5.523571428571429,5.33
5.8585714285714285,5.500714285714286,5.33
5.715714285714285,5.643571428571429,8.0
5.907142857142857,5.643571428571428,3.0
6.764285714285713,6.0007142857142854,4.33
6.431428571428571,6.072142857142857,1.0
6.097142857142857,6.167142857142856,7.0
6.1899999999999995,5.762142857142856,3.17
6.0928571428571425,5.975714285714287,6.0
6.474285714285714,6.095000000000001,2.5
5.902857142857143,5.905,5.33
5.378571428571429,6.071428571428571,0.0
4.6642857142857155,5.547857142857143,5.0
4.855714285714285,5.476428571428571,0.0
4.547142857142857,5.368571428571429,4.66
4.642857142857143,5.367857142857143,4.0
3.857142857142857,5.165714285714286,4.0
4.19,5.046428571428572,4.33
3.5714285714285716,4.4750000000000005,3.68
4.142857142857143,4.403571428571429,2.0
3.142857142857143,3.999285714285714,4.0
3.3557142857142854,3.9514285714285715,1.33
3.0700000000000003,3.8564285714285718,6.34
3.2842857142857147,3.5707142857142857,0.33
3.141428571428572,3.665714285714286,0.0
3.6671428571428573,3.6192857142857138,8.34
3.238571428571429,3.690714285714286,2.0
3.81,3.4764285714285714,8.34
3.334285714285714,3.3449999999999998,12.33
3.6685714285714286,3.369285714285714,8.67
3.144285714285714,3.2142857142857144,8.0
2.525714285714286,2.8335714285714286,1.0
3.1914285714285713,3.4292857142857147,3.68
3.1914285714285713,3.2150000000000003,11.67
3.8114285714285714,3.810714285714286,6.68
5.382857142857143,4.3585714285714285,5.33
5.715714285714285,4.692142857142857,8.0
6.811428571428571,4.977857142857142,0.0
6.954285714285715,4.74,5.33
6.288571428571429,4.74,4.33
7.67,5.430714285714286,7.0
7.432857142857143,5.622142857142857,8.01
6.432857142857143,5.907857142857144,8.33
6.337142857142857,6.026428571428572,0.0
5.194285714285714,6.002857142857144,4.34
5.812857142857142,6.383571428571429,3.0
5.905714285714287,6.097142857142857,8.0
5.238571428571428,6.454285714285715,5.33
5.428571428571429,6.430714285714286,6.66
5.857142857142857,6.1450000000000005,8.33
4.714285714285714,5.525714285714286,9.0
5.3342857142857145,5.264285714285713,4.33
5.001428571428572,5.407142857142857,7.5
5.525714285714286,5.715714285714285,5.34
5.2871428571428565,5.262857142857143,6.33
5.094285714285715,5.261428571428572,7.02
5.094285714285713,5.475714285714285,11.67
6.38,5.547142857142857,4.34
6.378571428571428,5.856428571428571,6.83
7.021428571428572,6.011428571428572,3.33
6.6414285714285715,6.083571428571429,4.0
6.784285714285714,6.035714285714286,2.33
6.835714285714286,5.965000000000001,7.0
7.312857142857142,6.203571428571428,10.52
6.647142857142856,6.513571428571429,8.5
7.0042857142857144,6.691428571428572,5.0
6.408571428571428,6.715000000000001,6.33
6.217142857142858,6.429285714285714,1.67
5.645714285714285,6.215000000000001,11.34
5.642857142857143,6.239285714285714,13.34
5.478571428571428,6.395714285714285,6.0
6.072857142857144,6.359999999999999,6.33
5.811428571428572,6.407857142857142,5.33
6.24,6.324285714285714,6.34
5.907142857142857,6.062142857142857,2.33
7.194285714285714,6.42,2.0
8.1,6.871428571428572,6.68
7.4542857142857155,6.466428571428572,3.34
7.144285714285715,6.6085714285714285,8.0
7.191428571428572,6.501428571428571,6.66
7.192857142857142,6.716428571428572,4.0
7.2871428571428565,6.597142857142857,2.33
5.952857142857143,6.573571428571428,5.34
5.001428571428571,6.550714285714286,6.34
4.621428571428572,6.037857142857143,2.34
4.86,6.002142857142857,3.34
5.05,6.1207142857142856,3.33
4.715714285714285,5.954285714285713,2.34
4.715714285714286,6.001428571428572,1.66
5.192857142857143,5.572857142857143,2.33
5.144285714285715,5.072857142857143,5.01
5.001428571428571,4.811428571428571,4.34
4.335714285714285,4.597857142857143,5.34
3.8599999999999994,4.455,2.33
3.6228571428571428,4.1692857142857145,5.0
3.5271428571428567,4.121428571428571,0.67
3.097142857142857,4.1450000000000005,1.33
2.9071428571428575,4.025714285714286,4.01
3.192857142857143,4.097142857142857,8.0
3.4785714285714286,3.907142857142857,5.33
3.335714285714286,3.597857142857143,3.01
3.7157142857142853,3.669285714285714,0.34
3.5742857142857147,3.5507142857142857,7.33
3.4314285714285715,3.264285714285714,2.33
3.288571428571428,3.0978571428571433,6.34
3.8114285714285714,3.5021428571428572,5.83
3.8099999999999996,3.6442857142857146,14.66
3.9071428571428575,3.621428571428571,4.33
3.2414285714285715,3.4785714285714286,2.67
4.192857142857142,3.883571428571429,4.0
4.335714285714286,3.8835714285714285,2.83
4.668571428571428,3.9785714285714286,8.34
4.3585714285714285,4.085,6.68
5.691428571428572,4.750714285714286,2.33
5.880000000000001,4.893571428571429,9.0
6.212857142857142,4.727142857142858,5.67
5.737142857142857,4.965000000000001,2.33
5.808571428571429,5.0721428571428575,4.66
6.094285714285713,5.381428571428572,6.0
6.215714285714285,5.2871428571428565,6.0
4.454285714285715,5.072857142857143,4.84
5.121428571428572,5.5007142857142854,4.0
5.55,5.881428571428572,6.34
5.311428571428571,5.524285714285715,1.33
5.572857142857144,5.690714285714285,3.0
5.238571428571428,5.666428571428571,4.66
5.141428571428571,5.678571428571429,7.0
5.5,4.977142857142857,3.01
4.785714285714286,4.953571428571428,7.67
4.881428571428572,5.215714285714285,5.33
4.738571428571428,5.0249999999999995,4.5
4.501428571428571,5.0371428571428565,6.34
4.3100000000000005,4.774285714285715,3.34
4.452857142857143,4.797142857142857,6.0
4.191428571428571,4.845714285714286,5.0
4.715714285714285,4.750714285714286,2.83
4.571428571428571,4.726428571428571,2.34
5.024285714285715,4.881428571428572,7.33
5.501428571428572,5.001428571428571,4.33
5.312857142857142,4.811428571428571,4.5
5.17,4.811428571428571,4.0
5.454285714285715,4.822857142857143,4.66
4.7628571428571425,4.739285714285714,2.0
4.335714285714286,4.453571428571428,7.0
4.74,4.882142857142857,0.0
4.452857142857143,4.977142857142858,3.34
4.618571428571428,4.965714285714286,9.0
4.332857142857143,4.751428571428572,3.84
4.284285714285715,4.869285714285715,8.67
4.165714285714286,4.464285714285714,9.0
4.831428571428572,4.583571428571429,2.34
3.7842857142857147,4.262142857142857,14.01
3.642857142857143,4.047857142857143,6.34
4.285714285714286,4.452142857142857,17.34
4.262857142857143,4.297857142857143,0.0
4.8357142857142845,4.56,5.33
5.8357142857142845,5.000714285714286,2.0
5.17,5.0007142857142854,2.34
7.171428571428571,5.477857142857142,1.68
7.6000000000000005,5.621428571428572,4.01
8.791428571428572,6.538571428571428,9.0
8.242857142857142,6.252857142857143,7.0
7.765714285714286,6.300714285714286,4.68
6.765714285714286,6.300714285714286,2.66
6.765714285714286,5.9678571428571425,9.0
5.0042857142857144,6.0878571428571435,5.0
4.671428571428571,6.135714285714286,5.0
3.48,6.135714285714286,5.34
4.4799999999999995,6.361428571428571,4.67
4.387142857142857,6.076428571428571,5.0
4.481428571428571,5.623571428571428,6.67
5.432857142857143,6.099285714285714,4.0
5.9071428571428575,5.4557142857142855,5.0
6.048571428571429,5.359999999999999,2.66
5.525714285714287,4.502857142857143,10.0
5.192857142857143,4.836428571428571,6.67
5.238571428571428,4.812857142857142,3.67
5.811428571428572,5.146428571428571,5.34
5.097142857142857,5.265,8.16
5.097142857142857,5.502142857142857,2.33
4.762857142857143,5.405714285714287,5.34
5.428571428571429,5.477142857142858,11.0
5.714285714285714,5.453571428571428,6.33
5.524285714285715,5.381428571428571,4.67
5.334285714285714,5.572857142857143,4.33
5.928571428571429,5.5128571428571425,5.5
5.547142857142858,5.322142857142857,5.0
5.93,5.346428571428571,5.99
6.072857142857143,5.7507142857142854,3.0
6.024285714285715,5.869285714285715,4.0
6.167142857142856,5.845714285714286,0.33
6.022857142857142,5.678571428571429,6.34
5.642857142857143,5.785714285714286,5.0
6.024285714285715,5.785714285714286,7.67
6.117142857142857,6.0235714285714295,6.0
4.974285714285714,5.5235714285714295,3.0
4.6414285714285715,5.332857142857144,9.33
4.021428571428571,5.094285714285715,3.0
4.308571428571429,5.1657142857142855,11.34
4.2371428571428575,4.9399999999999995,8.0
4.618571428571428,5.321428571428571,0.68
4.619999999999999,5.368571428571428,3.18
4.619999999999999,4.797142857142857,7.0
5.381428571428572,5.011428571428572,4.0
5.762857142857143,4.892142857142858,6.66
6.477142857142857,5.392857142857143,5.0
6.905714285714287,5.571428571428571,3.67
5.9071428571428575,5.262857142857143,5.0
5.5042857142857144,5.062142857142857,3.0
6.075714285714286,5.347857142857142,3.0
5.314285714285715,5.347857142857142,9.33
5.837142857142858,5.8,10.0
4.9314285714285715,5.7042857142857155,2.34
4.312857142857143,5.609285714285714,2.0
4.93,5.418571428571428,8.16
4.904285714285714,5.204285714285715,4.33
4.332857142857143,5.204285714285715,1.18
5.094285714285713,5.204285714285715,6.0
5.571428571428571,5.704285714285715,5.33
5.191428571428572,5.061428571428571,5.66
4.952857142857143,4.632857142857143,4.0
5.404285714285714,5.167142857142857,5.33
5.594285714285713,5.249285714285714,4.33
5.334285714285714,4.833571428571429,4.34
4.8585714285714285,4.976428571428571,5.66
4.191428571428571,4.881428571428572,6.0
4.6657142857142855,4.928571428571429,2.67
4.951428571428571,4.952142857142857,10.0
4.547142857142857,4.975714285714285,3.33
4.547142857142857,5.070714285714286,11.0
4.998571428571428,5.166428571428571,5.0
4.95,4.904285714285714,6.0
5.045714285714285,4.618571428571428,7.33
4.618571428571428,4.642142857142857,7.0
5.475714285714285,5.213571428571428,3.99
5.1899999999999995,4.868571428571428,11.0
6.142857142857143,5.345,7.33
6.237142857142857,5.617857142857142,4.34
6.285714285714286,5.617857142857142,6.34
6.475714285714285,5.760714285714285,1.0
7.094285714285713,5.856428571428571,1.34
6.235714285714286,5.855714285714286,8.0
7.331428571428572,6.260714285714286,6.0
6.807142857142857,6.4750000000000005,12.5
6.7128571428571435,6.4750000000000005,3.34
6.761428571428572,6.523571428571429,4.34
5.857142857142857,6.166428571428571,9.0
5.048571428571429,6.071428571428571,9.5
5.621428571428572,5.928571428571429,0.0
4.9071428571428575,6.119285714285715,8.67
5.645714285714286,6.226428571428571,5.0
5.502857142857143,6.107857142857143,5.34
5.217142857142858,5.989285714285715,6.5
6.36,6.108571428571429,4.0
7.525714285714286,6.287142857142858,10.0
6.382857142857143,6.002142857142857,6.0
6.764285714285713,5.8357142857142845,7.66
5.692857142857142,5.6692857142857145,3.0
5.978571428571429,5.740714285714285,3.33
6.2871428571428565,5.752142857142857,7.0
5.572857142857143,5.966428571428572,8.33
5.644285714285714,6.585,8.0
6.501428571428571,6.442142857142857,4.34
6.357142857142857,6.560714285714285,8.67
6.071428571428571,5.882142857142857,3.33
5.784285714285715,5.881428571428572,7.67
5.855714285714286,6.071428571428571,4.84
6.474285714285714,6.023571428571429,3.68
6.188571428571429,5.916428571428571,2.0
5.951428571428571,6.2264285714285705,4.34
6.095714285714286,6.226428571428571,5.34
6.142857142857143,6.107142857142857,9.67
6.7628571428571425,6.273571428571429,13.84
6.454285714285715,6.155,3.0
5.79,6.132142857142858,2.67
4.932857142857143,5.560714285714286,2.34
4.932857142857143,5.442142857142857,3.33
4.457142857142856,5.276428571428572,9.0
5.362857142857143,5.752857142857144,6.34
6.244285714285714,6.503571428571428,4.68
5.981428571428572,6.2178571428571425,2.0
5.837142857142857,5.813571428571429,5.33
5.885714285714286,5.409285714285714,9.36
5.741428571428571,5.337142857142857,2.0
6.264285714285714,5.360714285714287,7.0
5.788571428571428,5.575714285714285,1.68
4.4799999999999995,5.3621428571428575,8.33
4.337142857142857,5.159285714285715,7.01
4.717142857142856,5.277142857142857,1.18
5.72,5.8028571428571425,8.66
5.529999999999999,5.635714285714286,2.67
5.244285714285715,5.7542857142857144,2.33
4.578571428571428,5.183571428571428,6.34
5.1000000000000005,4.79,8.99
5.815714285714286,5.076428571428571,5.34
5.222857142857143,4.97,9.33
5.122857142857143,5.421428571428572,4.5
5.218571428571429,5.374285714285714,6.33
4.551428571428572,4.897857142857143,7.33
5.217142857142856,4.897857142857143,5.34
5.311428571428571,5.2057142857142855,10.68
5.072857142857144,5.444285714285714,3.33
6.2371428571428575,5.7299999999999995,5.34
5.642857142857143,5.382857142857143,2.0
6.1657142857142855,5.692142857142857,6.0
6.88,5.715714285714285,5.5
6.7371428571428575,5.977142857142858,4.66
6.978571428571429,6.144999999999999,7.0
6.691428571428572,5.882142857142857,3.51
6.121428571428571,6.179285714285713,2.0
5.764285714285713,5.703571428571428,11.34
5.717142857142856,5.941428571428571,5.18
5.4557142857142855,6.167857142857143,5.0
5.3585714285714285,6.047857142857142,7.34
4.832857142857143,5.905714285714287,3.84
4.8585714285714285,5.7749999999999995,4.0
4.381428571428572,5.251428571428571,7.34
5.715714285714285,5.74,0.33
